ckpt,Clotho_BLEU1,Clotho_BLEU4,Clotho_CIDEr,ESC50_acc,FSD50K_F1ma,FSD50K_F1mi,FSD50K_Jacc,FSD50K_mAPma,FSD50K_mAPmi,CER_clean,WER_clean,CER_other,WER_other,LISTEN_F1,LISTEN_acc,LISTENo_F1mean,LISTENo_WAmean,DailyTalk_F1,DailyTalk_acc,EmoV_F1,EmoV_acc,MELD_F1,MELD_acc,RAVDESS_F1,RAVDESS_acc,text_mean
1000,0.38411361572124514,0.02952104155912677,,0.0455,0.026112132808236453,0.14691203992514035,0.10136236130022315,0.15372676895359694,0.1671227683655294,0.02310985730874171,0.05137005676353556,0.11094144961237458,0.19378994743012745,0.11548599542225374,0.22872340425531915,0.10902894493401093,0.19755741213468525,0.1775663276811096,0.7883333333333333,0.20646960062797376,0.2636871508379888,0.12169283019966573,0.481992337164751,0.03128611584493938,0.075,0.8796929848801097
2000,0.4005754475703325,0.04260070102199128,,0.1275,0.10222477722355541,0.2564217971387237,0.18513303134221684,0.21014547468661024,0.22955893901988245,0.027006618081824852,0.058498500763761854,0.10603680141877896,0.1867743277485723,0.11222100554493096,0.22644376899696048,,,0.2157645294124176,0.8066666666666666,0.28297968239444404,0.3424581005586592,0.14480153388089573,0.49195402298850577,0.08494560614943653,0.15833333333333333,0.8877855983426078
3000,0.4095019035532995,0.05340990808930091,,0.247,0.16002443277361264,0.3191610995867566,0.2417425331859427,0.25951204541385087,0.2803499934463456,0.022219372671382673,0.049804816414279515,0.10559895210517214,0.18649067735713476,0.12568881551920996,0.2336626139817629,0.10608432587818281,0.2047143007471325,0.2900592279483761,0.825,0.45024142200713657,0.49273743016759775,0.15962536063623833,0.4908045977011494,0.1250332719082719,0.19166666666666668,0.8918171564238445
4000,0.4214432989690722,0.05677681419585466,,0.41,,,,0.31172648054262475,0.33647660415159364,0.02229773531947027,0.049767099779357685,0.10418238079644422,0.18478877500850951,0.13548313664265574,0.24012158054711247,0.10707033626230181,0.20675763545611675,0.3201105967310803,0.8325,0.5567934282553255,0.6162011173184357,0.18739755233734715,0.48582375478927203,0.24387556971635144,0.2833333333333333,0.8950895943016478
5000,0.4288118478626725,0.06393800852219204,,0.5405,0.21732497788985664,0.3728132309821105,0.3011195850901287,0.30983336374471176,0.3281957798608962,0.022372536029008426,0.05008769117619326,0.10368566098689028,0.18476986498241368,0.1458454839364867,0.24354103343465044,0.10177929046046426,0.21004519107090033,0.32379494027185357,0.835,0.6038542487801006,0.6625698324022347,0.18664646973878612,0.4950191570881226,0.2834473166268139,0.30416666666666664,0.8962609943453277
6000,0.4362994582170415,0.06720990152040796,,0.605,0.23360573032604964,0.37930294375010315,0.3089976960483394,0.3070472076619543,0.3556710947432654,0.02276791120799584,0.050125407811115096,0.10396897524863587,0.1850913354260429,0.15569922747926926,0.24164133738601823,0.11527569379278146,0.2256022608007419,0.3731896084605562,0.8341666666666666,0.6285276208714166,0.6927374301675978,0.2122856799439692,0.4888888888888889,0.34735866014553185,0.35833333333333334,0.8978172530259106
7000,0.44042094796155123,0.07156872606927095,,0.6665,,,,0.32738921468755205,0.3285324167945923,0.025417993488776332,0.05521715352556245,0.10450984793015015,0.1860557467569305,0.12948132730436684,0.23822188449848025,0.1154966356275148,0.2197757347572647,0.3761086379811999,0.8316666666666667,0.6866370170487597,0.7301675977653631,0.20215253354192425,0.49118773946360156,0.33621784181548175,0.375,0.902218061058431
8000,0.43633290405666453,0.0672035854818145,,0.7215,,,,0.3264925007285382,0.325951265455226,0.025656643371588555,0.0553868783827107,0.10344282019110834,0.18601792670473885,0.1389698417611226,0.23860182370820668,0.11839025636355778,0.22779191471929097,0.38730061246466546,0.83,0.6747761366188068,0.7201117318435755,0.2083462404911313,0.4946360153256705,0.40507629544524637,0.42916666666666664,0.9034694285718047
9000,0.44719881011403073,0.07509590318581241,,0.747,0.2631774731535824,0.39730376593562255,0.3315965958472282,0.316439504154981,0.3324787188058936,0.02363346227550882,0.052595847398495106,0.10770725174127889,0.18900571082788095,0.14309711303862088,0.23480243161094225,0.13263974891984182,0.22599795097384834,0.39229748272503534,0.8308333333333333,0.6243445862561257,0.6882681564245811,0.21936512448073572,0.48084291187739464,0.4362068268671674,0.44583333333333336,0.9039056340070178
10000,0.4407722513089005,0.07179036356807368,,0.732,,,,0.31272340479739363,0.3131184000836663,0.023540851873223485,0.05244498085880778,0.10642313904843202,0.18938391134979765,0.14606847199119044,0.23632218844984804,0.1291079543100599,0.2255256212243583,0.3821638934699416,0.8333333333333334,0.6861945037753485,0.7435754189944134,0.22262941576372636,0.4888888888888889,0.44369408640836,0.4583333333333333,0.9050565901592601
11000,0.4480127452624518,0.07257134997771121,0.11228441733360431,0.777,,,,0.2988343209730554,0.35123916882015216,0.023932665113661458,0.05306730533501801,0.10970148979148807,0.19397904769108582,0.14195288494098904,0.2351823708206687,0.13183602631108787,0.23508569591328216,0.42538517423771965,0.8308333333333333,0.7028886272540815,0.7536312849162011,0.23085006770131386,0.4900383141762452,0.49706107236645247,0.5125,0.9054204945550449
12000,0.4589278176445758,0.08128735129161148,,0.7955,0.26981759657350235,0.39774877650897233,0.3330511422262559,0.2754155418569915,0.31302800535456243,0.02433872610829718,0.0539913628906029,0.11259718231088774,0.197647592753678,0.12898418332781952,0.23100303951367782,0.11976539121253574,0.21402255250905475,0.37604497300096457,0.8333333333333334,0.6608719890827549,0.729050279329609,0.22963836541374086,0.49731800766283524,0.5007443577994443,0.5125,0.9059762283843246
13000,0.4635312527166826,0.0830502655810668,,0.7925,0.2716547921209989,0.40263236613819914,0.3340517707295148,0.2493348697736304,0.30828330875684334,0.024858769136514858,0.05483998717634413,0.11406526530356939,0.20101357739873682,0.1252798653279259,0.22796352583586627,0.12909084718429464,0.22364495246339625,0.4184124589459317,0.825,0.7095242293497372,0.7720670391061453,0.22215832912203998,0.4854406130268199,0.5274678279367894,0.5458333333333333,0.9065073879230949
14000,0.45274013466291657,0.08063314596628417,,0.815,0.27214366377322297,0.4038730220619294,0.33583164919794584,0.2877612845491454,0.32100353114495284,0.024954941477349633,0.05508514530333604,0.1153089045304526,0.20114594758140766,0.1431122983430123,0.23214285714285715,0.13585174044735687,0.2345439586175866,0.4035618200937898,0.82,0.6729739205400989,0.7340782122905027,0.2492626656069321,0.4796934865900383,0.5148193667976758,0.5333333333333333,0.9063839939825619
15000,0.47556272980001796,0.08949517769963722,0.1446818018077228,0.7945,,,,0.2889738357388746,0.3024570018127307,0.027676262529118846,0.05861165066852735,0.11551495126626757,0.20349079081729132,0.1260933913770385,0.22530395136778114,0.12154167077530827,0.21462925808329708,0.42438991257813635,0.8275,0.7206782569231039,0.7759776536312849,0.2432350609850145,0.4674329501915709,0.5413963107440994,0.5625,0.9047243410740506
16000,0.47164628743576115,0.08712322418589452,,0.7935,,,,0.28953868801939797,0.31010955719983413,0.02823904881992976,0.059818582986025985,0.12199070582045235,0.21262433342158013,0.12429055574403611,0.22112462006079028,0.12911594782995456,0.22402859924850835,0.38910187605002805,0.8283333333333334,0.6880953092221741,0.7558659217877095,0.2354792933936328,0.4888888888888889,0.5201396237716434,0.5416666666666666,0.9049709876348437
17000,0.4610321221695629,0.07928532894407514,,0.7825,0.27437071368366833,0.4030081113920725,0.3378480845114117,0.2615415031184446,0.32434316867114665,0.028174933926039907,0.0598374413034869,0.11912444854902625,0.20604364434022918,0.1274182087103689,0.22530395136778114,0.12958662909268537,0.23250312888316108,0.38187418277670987,0.8216666666666667,0.6960365185164085,0.7564245810055866,0.25922704540494096,0.48735632183908045,0.5115420912321352,0.5291666666666667,0.9055203404156568
18000,0.4606882918501213,0.08370790264532157,,0.8095,,,,0.27135714989142434,0.31820523973726766,0.0263904027127724,0.0576121598430988,0.11676226989914748,0.20417155175674143,0.1275921224822266,0.23138297872340424,0.11133116562386877,0.21142553920178328,0.3735854124686741,0.8341666666666666,0.692671992544182,0.7625698324022346,0.23715453679517723,0.48160919540229885,0.4870748001135181,0.5083333333333333,0.903956840368727
19000,0.4497498463969104,0.07846737208001314,,0.813,0.2748099366947572,0.40351676978183004,0.33745715031889006,0.27397593545522864,0.3118177744334433,0.02662192871848575,0.05751786825579422,0.11273699973876218,0.19910366476305738,0.12965163845847164,0.21846504559270516,0.1369055913613142,0.21253673986902993,0.38399705191306793,0.8166666666666667,0.6834762378238782,0.7446927374301676,0.2316568555930886,0.47011494252873565,0.525320387090596,0.5583333333333333,0.9003451424672374
20000,0.4538174538174538,0.07995197452761274,,0.802,,,,0.24702208662369976,0.3262574842365513,0.026707415243672216,0.05817790936692628,0.1172847455506783,0.20551416360954577,0.12480209558581093,0.21922492401215807,0.12746614349659496,0.22094250738217247,0.37217915901992976,0.8166666666666667,0.7040336172809386,0.7642458100558659,0.24295293934456388,0.4724137931034483,0.5216378843146322,0.5375,0.9032642014155114
21000,0.44520608137797696,0.07648841766341678,,0.8285,0.26903766401293816,0.3985119436104948,0.33468867414879166,0.26074026052588906,0.3080370461281604,0.029193648351178644,0.06145925660512569,0.12235496701412524,0.21120608146439243,0.1260012400382847,0.21466565349544073,0.11730597658799391,0.2144418411328744,0.44110257496017585,0.8108333333333333,0.6975398232023369,0.7608938547486034,0.24353755759124146,0.44980842911877394,0.5451737563114188,0.5666666666666667,0.9008914565060504
22000,0.45572491380874613,0.0800987254595657,,0.8315,,,,0.26008823551601046,0.3324054067690987,0.02898705591531135,0.06145925660512569,0.1189809517151551,0.20836957755001703,0.13260528445966574,0.2275835866261398,0.12419891280556317,0.224892383323189,0.42505779200169275,0.8316666666666667,0.6921528969428877,0.7536312849162011,0.24307877687384877,0.45440613026819926,0.5388974946188876,0.5625,0.9007327095319456
23000,0.45270931577542484,0.07540368378336368,,0.818,,,,0.2064323179251114,0.3176638632306924,0.02733075448982354,0.05876251720821468,0.11708973703285341,0.20619492454899588,0.12344476975259358,0.22340425531914893,0.11098155168024615,0.20737393326463455,0.3849214823951894,0.82,0.7129017360466368,0.7720670391061453,0.23563030359953113,0.4704980842911877,0.5141119174117682,0.5416666666666666,0.9013880505463057
24000,0.44374051931828323,0.07010771194702184,,0.8235,,,,0.20976616727843367,0.3030433658584919,0.027170467255098914,0.05946027495426858,0.12331529197926287,0.21406149540486366,0.12879595219400114,0.21504559270516718,0.10950223885932764,0.2201601704382942,0.3697931394057425,0.8108333333333333,0.7045050627246738,0.7614525139664804,0.23109243504125895,0.446360153256705,0.5698427220504202,0.5916666666666667,0.900743370528455
25000,0.43301092602543434,0.06869746870434093,0.11599189972731098,0.82,,,,0.23947492520423405,0.30806687061438853,0.02749816560164704,0.06004488279555698,0.11812365011792496,0.20886123822850874,0.13599510634290884,0.22872340425531915,0.10533703367541596,0.20711918951792177,0.36380839052402125,0.835,0.6977503926279575,0.7553072625698324,0.22902669918120155,0.4379310344827586,0.5299935270944356,0.5416666666666666,0.8979809265945677
