ckpt,eval,metric,value,lower_is_better
1000,eval_librispeech,CER_clean,0.02310985730874171,True
1000,eval_librispeech_other,CER_other,0.11094144961237458,True
1000,eval_clotho,Clotho_BLEU1,0.38411361572124514,False
1000,eval_clotho,Clotho_BLEU4,0.02952104155912677,False
1000,eval_source_emotion,DailyTalk_F1,0.1775663276811096,False
1000,eval_source_emotion,DailyTalk_acc,0.7883333333333333,False
1000,eval_esc50,ESC50_acc,0.0455,False
1000,eval_source_emotion,EmoV_F1,0.20646960062797376,False
1000,eval_source_emotion,EmoV_acc,0.2636871508379888,False
1000,eval_fsd50k,FSD50K_F1ma,0.026112132808236453,False
1000,eval_fsd50k,FSD50K_F1mi,0.14691203992514035,False
1000,eval_fsd50k,FSD50K_Jacc,0.10136236130022315,False
1000,eval_fsd50k_map_seq,FSD50K_mAPma,0.15372676895359694,False
1000,eval_fsd50k_map_seq,FSD50K_mAPmi,0.1671227683655294,False
1000,eval_listen,LISTEN_F1,0.11548599542225374,False
1000,eval_listen,LISTEN_acc,0.22872340425531915,False
1000,eval_listen_official,LISTENo_F1mean,0.10902894493401093,False
1000,eval_listen_official,LISTENo_WAmean,0.19755741213468525,False
1000,eval_source_emotion,MELD_F1,0.12169283019966573,False
1000,eval_source_emotion,MELD_acc,0.481992337164751,False
1000,eval_source_emotion,RAVDESS_F1,0.03128611584493938,False
1000,eval_source_emotion,RAVDESS_acc,0.075,False
1000,eval_librispeech,WER_clean,0.05137005676353556,True
1000,eval_librispeech_other,WER_other,0.19378994743012745,True
1000,eval_text_retention,text_mean,0.8796929848801097,False
2000,eval_librispeech,CER_clean,0.027006618081824852,True
2000,eval_librispeech_other,CER_other,0.10603680141877896,True
2000,eval_clotho,Clotho_BLEU1,0.4005754475703325,False
2000,eval_clotho,Clotho_BLEU4,0.04260070102199128,False
2000,eval_source_emotion,DailyTalk_F1,0.2157645294124176,False
2000,eval_source_emotion,DailyTalk_acc,0.8066666666666666,False
2000,eval_esc50,ESC50_acc,0.1275,False
2000,eval_source_emotion,EmoV_F1,0.28297968239444404,False
2000,eval_source_emotion,EmoV_acc,0.3424581005586592,False
2000,eval_fsd50k,FSD50K_F1ma,0.10222477722355541,False
2000,eval_fsd50k,FSD50K_F1mi,0.2564217971387237,False
2000,eval_fsd50k,FSD50K_Jacc,0.18513303134221684,False
2000,eval_fsd50k_map_seq,FSD50K_mAPma,0.21014547468661024,False
2000,eval_fsd50k_map_seq,FSD50K_mAPmi,0.22955893901988245,False
2000,eval_listen,LISTEN_F1,0.11222100554493096,False
2000,eval_listen,LISTEN_acc,0.22644376899696048,False
2000,eval_source_emotion,MELD_F1,0.14480153388089573,False
2000,eval_source_emotion,MELD_acc,0.49195402298850577,False
2000,eval_source_emotion,RAVDESS_F1,0.08494560614943653,False
2000,eval_source_emotion,RAVDESS_acc,0.15833333333333333,False
2000,eval_librispeech,WER_clean,0.058498500763761854,True
2000,eval_librispeech_other,WER_other,0.1867743277485723,True
2000,eval_text_retention,text_mean,0.8877855983426078,False
3000,eval_librispeech,CER_clean,0.022219372671382673,True
3000,eval_librispeech_other,CER_other,0.10559895210517214,True
3000,eval_clotho,Clotho_BLEU1,0.4095019035532995,False
3000,eval_clotho,Clotho_BLEU4,0.05340990808930091,False
3000,eval_source_emotion,DailyTalk_F1,0.2900592279483761,False
3000,eval_source_emotion,DailyTalk_acc,0.825,False
3000,eval_esc50,ESC50_acc,0.247,False
3000,eval_source_emotion,EmoV_F1,0.45024142200713657,False
3000,eval_source_emotion,EmoV_acc,0.49273743016759775,False
3000,eval_fsd50k,FSD50K_F1ma,0.16002443277361264,False
3000,eval_fsd50k,FSD50K_F1mi,0.3191610995867566,False
3000,eval_fsd50k,FSD50K_Jacc,0.2417425331859427,False
3000,eval_fsd50k_map_seq,FSD50K_mAPma,0.25951204541385087,False
3000,eval_fsd50k_map_seq,FSD50K_mAPmi,0.2803499934463456,False
3000,eval_listen,LISTEN_F1,0.12568881551920996,False
3000,eval_listen,LISTEN_acc,0.2336626139817629,False
3000,eval_listen_official,LISTENo_F1mean,0.10608432587818281,False
3000,eval_listen_official,LISTENo_WAmean,0.2047143007471325,False
3000,eval_source_emotion,MELD_F1,0.15962536063623833,False
3000,eval_source_emotion,MELD_acc,0.4908045977011494,False
3000,eval_source_emotion,RAVDESS_F1,0.1250332719082719,False
3000,eval_source_emotion,RAVDESS_acc,0.19166666666666668,False
3000,eval_librispeech,WER_clean,0.049804816414279515,True
3000,eval_librispeech_other,WER_other,0.18649067735713476,True
3000,eval_text_retention,text_mean,0.8918171564238445,False
4000,eval_librispeech,CER_clean,0.02229773531947027,True
4000,eval_librispeech_other,CER_other,0.10418238079644422,True
4000,eval_clotho,Clotho_BLEU1,0.4214432989690722,False
4000,eval_clotho,Clotho_BLEU4,0.05677681419585466,False
4000,eval_source_emotion,DailyTalk_F1,0.3201105967310803,False
4000,eval_source_emotion,DailyTalk_acc,0.8325,False
4000,eval_esc50,ESC50_acc,0.41,False
4000,eval_source_emotion,EmoV_F1,0.5567934282553255,False
4000,eval_source_emotion,EmoV_acc,0.6162011173184357,False
4000,eval_fsd50k_map_seq,FSD50K_mAPma,0.31172648054262475,False
4000,eval_fsd50k_map_seq,FSD50K_mAPmi,0.33647660415159364,False
4000,eval_listen,LISTEN_F1,0.13548313664265574,False
4000,eval_listen,LISTEN_acc,0.24012158054711247,False
4000,eval_listen_official,LISTENo_F1mean,0.10707033626230181,False
4000,eval_listen_official,LISTENo_WAmean,0.20675763545611675,False
4000,eval_source_emotion,MELD_F1,0.18739755233734715,False
4000,eval_source_emotion,MELD_acc,0.48582375478927203,False
4000,eval_source_emotion,RAVDESS_F1,0.24387556971635144,False
4000,eval_source_emotion,RAVDESS_acc,0.2833333333333333,False
4000,eval_librispeech,WER_clean,0.049767099779357685,True
4000,eval_librispeech_other,WER_other,0.18478877500850951,True
4000,eval_text_retention,text_mean,0.8950895943016478,False
5000,eval_librispeech,CER_clean,0.022372536029008426,True
5000,eval_librispeech_other,CER_other,0.10368566098689028,True
5000,eval_clotho,Clotho_BLEU1,0.4288118478626725,False
5000,eval_clotho,Clotho_BLEU4,0.06393800852219204,False
5000,eval_source_emotion,DailyTalk_F1,0.32379494027185357,False
5000,eval_source_emotion,DailyTalk_acc,0.835,False
5000,eval_esc50,ESC50_acc,0.5405,False
5000,eval_source_emotion,EmoV_F1,0.6038542487801006,False
5000,eval_source_emotion,EmoV_acc,0.6625698324022347,False
5000,eval_fsd50k,FSD50K_F1ma,0.21732497788985664,False
5000,eval_fsd50k,FSD50K_F1mi,0.3728132309821105,False
5000,eval_fsd50k,FSD50K_Jacc,0.3011195850901287,False
5000,eval_fsd50k_map_seq,FSD50K_mAPma,0.30983336374471176,False
5000,eval_fsd50k_map_seq,FSD50K_mAPmi,0.3281957798608962,False
5000,eval_listen,LISTEN_F1,0.1458454839364867,False
5000,eval_listen,LISTEN_acc,0.24354103343465044,False
5000,eval_listen_official,LISTENo_F1mean,0.10177929046046426,False
5000,eval_listen_official,LISTENo_WAmean,0.21004519107090033,False
5000,eval_source_emotion,MELD_F1,0.18664646973878612,False
5000,eval_source_emotion,MELD_acc,0.4950191570881226,False
5000,eval_source_emotion,RAVDESS_F1,0.2834473166268139,False
5000,eval_source_emotion,RAVDESS_acc,0.30416666666666664,False
5000,eval_librispeech,WER_clean,0.05008769117619326,True
5000,eval_librispeech_other,WER_other,0.18476986498241368,True
5000,eval_text_retention,text_mean,0.8962609943453277,False
6000,eval_librispeech,CER_clean,0.02276791120799584,True
6000,eval_librispeech_other,CER_other,0.10396897524863587,True
6000,eval_clotho,Clotho_BLEU1,0.4362994582170415,False
6000,eval_clotho,Clotho_BLEU4,0.06720990152040796,False
6000,eval_source_emotion,DailyTalk_F1,0.3731896084605562,False
6000,eval_source_emotion,DailyTalk_acc,0.8341666666666666,False
6000,eval_esc50,ESC50_acc,0.605,False
6000,eval_source_emotion,EmoV_F1,0.6285276208714166,False
6000,eval_source_emotion,EmoV_acc,0.6927374301675978,False
6000,eval_fsd50k,FSD50K_F1ma,0.23360573032604964,False
6000,eval_fsd50k,FSD50K_F1mi,0.37930294375010315,False
6000,eval_fsd50k,FSD50K_Jacc,0.3089976960483394,False
6000,eval_fsd50k_map_seq,FSD50K_mAPma,0.3070472076619543,False
6000,eval_fsd50k_map_seq,FSD50K_mAPmi,0.3556710947432654,False
6000,eval_listen,LISTEN_F1,0.15569922747926926,False
6000,eval_listen,LISTEN_acc,0.24164133738601823,False
6000,eval_listen_official,LISTENo_F1mean,0.11527569379278146,False
6000,eval_listen_official,LISTENo_WAmean,0.2256022608007419,False
6000,eval_source_emotion,MELD_F1,0.2122856799439692,False
6000,eval_source_emotion,MELD_acc,0.4888888888888889,False
6000,eval_source_emotion,RAVDESS_F1,0.34735866014553185,False
6000,eval_source_emotion,RAVDESS_acc,0.35833333333333334,False
6000,eval_librispeech,WER_clean,0.050125407811115096,True
6000,eval_librispeech_other,WER_other,0.1850913354260429,True
6000,eval_text_retention,text_mean,0.8978172530259106,False
7000,eval_librispeech,CER_clean,0.025417993488776332,True
7000,eval_librispeech_other,CER_other,0.10450984793015015,True
7000,eval_clotho,Clotho_BLEU1,0.44042094796155123,False
7000,eval_clotho,Clotho_BLEU4,0.07156872606927095,False
7000,eval_source_emotion,DailyTalk_F1,0.3761086379811999,False
7000,eval_source_emotion,DailyTalk_acc,0.8316666666666667,False
7000,eval_esc50,ESC50_acc,0.6665,False
7000,eval_source_emotion,EmoV_F1,0.6866370170487597,False
7000,eval_source_emotion,EmoV_acc,0.7301675977653631,False
7000,eval_fsd50k_map_seq,FSD50K_mAPma,0.32738921468755205,False
7000,eval_fsd50k_map_seq,FSD50K_mAPmi,0.3285324167945923,False
7000,eval_listen,LISTEN_F1,0.12948132730436684,False
7000,eval_listen,LISTEN_acc,0.23822188449848025,False
7000,eval_listen_official,LISTENo_F1mean,0.1154966356275148,False
7000,eval_listen_official,LISTENo_WAmean,0.2197757347572647,False
7000,eval_source_emotion,MELD_F1,0.20215253354192425,False
7000,eval_source_emotion,MELD_acc,0.49118773946360156,False
7000,eval_source_emotion,RAVDESS_F1,0.33621784181548175,False
7000,eval_source_emotion,RAVDESS_acc,0.375,False
7000,eval_librispeech,WER_clean,0.05521715352556245,True
7000,eval_librispeech_other,WER_other,0.1860557467569305,True
7000,eval_text_retention,text_mean,0.902218061058431,False
8000,eval_librispeech,CER_clean,0.025656643371588555,True
8000,eval_librispeech_other,CER_other,0.10344282019110834,True
8000,eval_clotho,Clotho_BLEU1,0.43633290405666453,False
8000,eval_clotho,Clotho_BLEU4,0.0672035854818145,False
8000,eval_source_emotion,DailyTalk_F1,0.38730061246466546,False
8000,eval_source_emotion,DailyTalk_acc,0.83,False
8000,eval_esc50,ESC50_acc,0.7215,False
8000,eval_source_emotion,EmoV_F1,0.6747761366188068,False
8000,eval_source_emotion,EmoV_acc,0.7201117318435755,False
8000,eval_fsd50k_map_seq,FSD50K_mAPma,0.3264925007285382,False
8000,eval_fsd50k_map_seq,FSD50K_mAPmi,0.325951265455226,False
8000,eval_listen,LISTEN_F1,0.1389698417611226,False
8000,eval_listen,LISTEN_acc,0.23860182370820668,False
8000,eval_listen_official,LISTENo_F1mean,0.11839025636355778,False
8000,eval_listen_official,LISTENo_WAmean,0.22779191471929097,False
8000,eval_source_emotion,MELD_F1,0.2083462404911313,False
8000,eval_source_emotion,MELD_acc,0.4946360153256705,False
8000,eval_source_emotion,RAVDESS_F1,0.40507629544524637,False
8000,eval_source_emotion,RAVDESS_acc,0.42916666666666664,False
8000,eval_librispeech,WER_clean,0.0553868783827107,True
8000,eval_librispeech_other,WER_other,0.18601792670473885,True
8000,eval_text_retention,text_mean,0.9034694285718047,False
9000,eval_librispeech,CER_clean,0.02363346227550882,True
9000,eval_librispeech_other,CER_other,0.10770725174127889,True
9000,eval_clotho,Clotho_BLEU1,0.44719881011403073,False
9000,eval_clotho,Clotho_BLEU4,0.07509590318581241,False
9000,eval_source_emotion,DailyTalk_F1,0.39229748272503534,False
9000,eval_source_emotion,DailyTalk_acc,0.8308333333333333,False
9000,eval_esc50,ESC50_acc,0.747,False
9000,eval_source_emotion,EmoV_F1,0.6243445862561257,False
9000,eval_source_emotion,EmoV_acc,0.6882681564245811,False
9000,eval_fsd50k,FSD50K_F1ma,0.2631774731535824,False
9000,eval_fsd50k,FSD50K_F1mi,0.39730376593562255,False
9000,eval_fsd50k,FSD50K_Jacc,0.3315965958472282,False
9000,eval_fsd50k_map_seq,FSD50K_mAPma,0.316439504154981,False
9000,eval_fsd50k_map_seq,FSD50K_mAPmi,0.3324787188058936,False
9000,eval_listen,LISTEN_F1,0.14309711303862088,False
9000,eval_listen,LISTEN_acc,0.23480243161094225,False
9000,eval_listen_official,LISTENo_F1mean,0.13263974891984182,False
9000,eval_listen_official,LISTENo_WAmean,0.22599795097384834,False
9000,eval_source_emotion,MELD_F1,0.21936512448073572,False
9000,eval_source_emotion,MELD_acc,0.48084291187739464,False
9000,eval_source_emotion,RAVDESS_F1,0.4362068268671674,False
9000,eval_source_emotion,RAVDESS_acc,0.44583333333333336,False
9000,eval_librispeech,WER_clean,0.052595847398495106,True
9000,eval_librispeech_other,WER_other,0.18900571082788095,True
9000,eval_text_retention,text_mean,0.9039056340070178,False
10000,eval_librispeech,CER_clean,0.023540851873223485,True
10000,eval_librispeech_other,CER_other,0.10642313904843202,True
10000,eval_clotho,Clotho_BLEU1,0.4407722513089005,False
10000,eval_clotho,Clotho_BLEU4,0.07179036356807368,False
10000,eval_source_emotion,DailyTalk_F1,0.3821638934699416,False
10000,eval_source_emotion,DailyTalk_acc,0.8333333333333334,False
10000,eval_esc50,ESC50_acc,0.732,False
10000,eval_source_emotion,EmoV_F1,0.6861945037753485,False
10000,eval_source_emotion,EmoV_acc,0.7435754189944134,False
10000,eval_fsd50k_map_seq,FSD50K_mAPma,0.31272340479739363,False
10000,eval_fsd50k_map_seq,FSD50K_mAPmi,0.3131184000836663,False
10000,eval_listen,LISTEN_F1,0.14606847199119044,False
10000,eval_listen,LISTEN_acc,0.23632218844984804,False
10000,eval_listen_official,LISTENo_F1mean,0.1291079543100599,False
10000,eval_listen_official,LISTENo_WAmean,0.2255256212243583,False
10000,eval_source_emotion,MELD_F1,0.22262941576372636,False
10000,eval_source_emotion,MELD_acc,0.4888888888888889,False
10000,eval_source_emotion,RAVDESS_F1,0.44369408640836,False
10000,eval_source_emotion,RAVDESS_acc,0.4583333333333333,False
10000,eval_librispeech,WER_clean,0.05244498085880778,True
10000,eval_librispeech_other,WER_other,0.18938391134979765,True
10000,eval_text_retention,text_mean,0.9050565901592601,False
11000,eval_librispeech,CER_clean,0.023932665113661458,True
11000,eval_librispeech_other,CER_other,0.10970148979148807,True
11000,eval_clotho,Clotho_BLEU1,0.4480127452624518,False
11000,eval_clotho,Clotho_BLEU4,0.07257134997771121,False
11000,eval_clotho,Clotho_CIDEr,0.11228441733360431,False
11000,eval_source_emotion,DailyTalk_F1,0.42538517423771965,False
11000,eval_source_emotion,DailyTalk_acc,0.8308333333333333,False
11000,eval_esc50,ESC50_acc,0.777,False
11000,eval_source_emotion,EmoV_F1,0.7028886272540815,False
11000,eval_source_emotion,EmoV_acc,0.7536312849162011,False
11000,eval_fsd50k_map_seq,FSD50K_mAPma,0.2988343209730554,False
11000,eval_fsd50k_map_seq,FSD50K_mAPmi,0.35123916882015216,False
11000,eval_listen,LISTEN_F1,0.14195288494098904,False
11000,eval_listen,LISTEN_acc,0.2351823708206687,False
11000,eval_listen_official,LISTENo_F1mean,0.13183602631108787,False
11000,eval_listen_official,LISTENo_WAmean,0.23508569591328216,False
11000,eval_source_emotion,MELD_F1,0.23085006770131386,False
11000,eval_source_emotion,MELD_acc,0.4900383141762452,False
11000,eval_source_emotion,RAVDESS_F1,0.49706107236645247,False
11000,eval_source_emotion,RAVDESS_acc,0.5125,False
11000,eval_librispeech,WER_clean,0.05306730533501801,True
11000,eval_librispeech_other,WER_other,0.19397904769108582,True
11000,eval_text_retention,text_mean,0.9054204945550449,False
12000,eval_librispeech,CER_clean,0.02433872610829718,True
12000,eval_librispeech_other,CER_other,0.11259718231088774,True
12000,eval_clotho,Clotho_BLEU1,0.4589278176445758,False
12000,eval_clotho,Clotho_BLEU4,0.08128735129161148,False
12000,eval_source_emotion,DailyTalk_F1,0.37604497300096457,False
12000,eval_source_emotion,DailyTalk_acc,0.8333333333333334,False
12000,eval_esc50,ESC50_acc,0.7955,False
12000,eval_source_emotion,EmoV_F1,0.6608719890827549,False
12000,eval_source_emotion,EmoV_acc,0.729050279329609,False
12000,eval_fsd50k,FSD50K_F1ma,0.26981759657350235,False
12000,eval_fsd50k,FSD50K_F1mi,0.39774877650897233,False
12000,eval_fsd50k,FSD50K_Jacc,0.3330511422262559,False
12000,eval_fsd50k_map_seq,FSD50K_mAPma,0.2754155418569915,False
12000,eval_fsd50k_map_seq,FSD50K_mAPmi,0.31302800535456243,False
12000,eval_listen,LISTEN_F1,0.12898418332781952,False
12000,eval_listen,LISTEN_acc,0.23100303951367782,False
12000,eval_listen_official,LISTENo_F1mean,0.11976539121253574,False
12000,eval_listen_official,LISTENo_WAmean,0.21402255250905475,False
12000,eval_source_emotion,MELD_F1,0.22963836541374086,False
12000,eval_source_emotion,MELD_acc,0.49731800766283524,False
12000,eval_source_emotion,RAVDESS_F1,0.5007443577994443,False
12000,eval_source_emotion,RAVDESS_acc,0.5125,False
12000,eval_librispeech,WER_clean,0.0539913628906029,True
12000,eval_librispeech_other,WER_other,0.197647592753678,True
12000,eval_text_retention,text_mean,0.9059762283843246,False
13000,eval_librispeech,CER_clean,0.024858769136514858,True
13000,eval_librispeech_other,CER_other,0.11406526530356939,True
13000,eval_clotho,Clotho_BLEU1,0.4635312527166826,False
13000,eval_clotho,Clotho_BLEU4,0.0830502655810668,False
13000,eval_source_emotion,DailyTalk_F1,0.4184124589459317,False
13000,eval_source_emotion,DailyTalk_acc,0.825,False
13000,eval_esc50,ESC50_acc,0.7925,False
13000,eval_source_emotion,EmoV_F1,0.7095242293497372,False
13000,eval_source_emotion,EmoV_acc,0.7720670391061453,False
13000,eval_fsd50k,FSD50K_F1ma,0.2716547921209989,False
13000,eval_fsd50k,FSD50K_F1mi,0.40263236613819914,False
13000,eval_fsd50k,FSD50K_Jacc,0.3340517707295148,False
13000,eval_fsd50k_map_seq,FSD50K_mAPma,0.2493348697736304,False
13000,eval_fsd50k_map_seq,FSD50K_mAPmi,0.30828330875684334,False
13000,eval_listen,LISTEN_F1,0.1252798653279259,False
13000,eval_listen,LISTEN_acc,0.22796352583586627,False
13000,eval_listen_official,LISTENo_F1mean,0.12909084718429464,False
13000,eval_listen_official,LISTENo_WAmean,0.22364495246339625,False
13000,eval_source_emotion,MELD_F1,0.22215832912203998,False
13000,eval_source_emotion,MELD_acc,0.4854406130268199,False
13000,eval_source_emotion,RAVDESS_F1,0.5274678279367894,False
13000,eval_source_emotion,RAVDESS_acc,0.5458333333333333,False
13000,eval_librispeech,WER_clean,0.05483998717634413,True
13000,eval_librispeech_other,WER_other,0.20101357739873682,True
13000,eval_text_retention,text_mean,0.9065073879230949,False
14000,eval_librispeech,CER_clean,0.024954941477349633,True
14000,eval_librispeech_other,CER_other,0.1153089045304526,True
14000,eval_clotho,Clotho_BLEU1,0.45274013466291657,False
14000,eval_clotho,Clotho_BLEU4,0.08063314596628417,False
14000,eval_source_emotion,DailyTalk_F1,0.4035618200937898,False
14000,eval_source_emotion,DailyTalk_acc,0.82,False
14000,eval_esc50,ESC50_acc,0.815,False
14000,eval_source_emotion,EmoV_F1,0.6729739205400989,False
14000,eval_source_emotion,EmoV_acc,0.7340782122905027,False
14000,eval_fsd50k,FSD50K_F1ma,0.27214366377322297,False
14000,eval_fsd50k,FSD50K_F1mi,0.4038730220619294,False
14000,eval_fsd50k,FSD50K_Jacc,0.33583164919794584,False
14000,eval_fsd50k_map_seq,FSD50K_mAPma,0.2877612845491454,False
14000,eval_fsd50k_map_seq,FSD50K_mAPmi,0.32100353114495284,False
14000,eval_listen,LISTEN_F1,0.1431122983430123,False
14000,eval_listen,LISTEN_acc,0.23214285714285715,False
14000,eval_listen_official,LISTENo_F1mean,0.13585174044735687,False
14000,eval_listen_official,LISTENo_WAmean,0.2345439586175866,False
14000,eval_source_emotion,MELD_F1,0.2492626656069321,False
14000,eval_source_emotion,MELD_acc,0.4796934865900383,False
14000,eval_source_emotion,RAVDESS_F1,0.5148193667976758,False
14000,eval_source_emotion,RAVDESS_acc,0.5333333333333333,False
14000,eval_librispeech,WER_clean,0.05508514530333604,True
14000,eval_librispeech_other,WER_other,0.20114594758140766,True
14000,eval_text_retention,text_mean,0.9063839939825619,False
15000,eval_librispeech,CER_clean,0.027676262529118846,True
15000,eval_librispeech_other,CER_other,0.11551495126626757,True
15000,eval_clotho,Clotho_BLEU1,0.47556272980001796,False
15000,eval_clotho,Clotho_BLEU4,0.08949517769963722,False
15000,eval_clotho,Clotho_CIDEr,0.1446818018077228,False
15000,eval_source_emotion,DailyTalk_F1,0.42438991257813635,False
15000,eval_source_emotion,DailyTalk_acc,0.8275,False
15000,eval_esc50,ESC50_acc,0.7945,False
15000,eval_source_emotion,EmoV_F1,0.7206782569231039,False
15000,eval_source_emotion,EmoV_acc,0.7759776536312849,False
15000,eval_fsd50k_map_seq,FSD50K_mAPma,0.2889738357388746,False
15000,eval_fsd50k_map_seq,FSD50K_mAPmi,0.3024570018127307,False
15000,eval_listen,LISTEN_F1,0.1260933913770385,False
15000,eval_listen,LISTEN_acc,0.22530395136778114,False
15000,eval_listen_official,LISTENo_F1mean,0.12154167077530827,False
15000,eval_listen_official,LISTENo_WAmean,0.21462925808329708,False
15000,eval_source_emotion,MELD_F1,0.2432350609850145,False
15000,eval_source_emotion,MELD_acc,0.4674329501915709,False
15000,eval_source_emotion,RAVDESS_F1,0.5413963107440994,False
15000,eval_source_emotion,RAVDESS_acc,0.5625,False
15000,eval_librispeech,WER_clean,0.05861165066852735,True
15000,eval_librispeech_other,WER_other,0.20349079081729132,True
15000,eval_text_retention,text_mean,0.9047243410740506,False
16000,eval_librispeech,CER_clean,0.02823904881992976,True
16000,eval_librispeech_other,CER_other,0.12199070582045235,True
16000,eval_clotho,Clotho_BLEU1,0.47164628743576115,False
16000,eval_clotho,Clotho_BLEU4,0.08712322418589452,False
16000,eval_source_emotion,DailyTalk_F1,0.38910187605002805,False
16000,eval_source_emotion,DailyTalk_acc,0.8283333333333334,False
16000,eval_esc50,ESC50_acc,0.7935,False
16000,eval_source_emotion,EmoV_F1,0.6880953092221741,False
16000,eval_source_emotion,EmoV_acc,0.7558659217877095,False
16000,eval_fsd50k_map_seq,FSD50K_mAPma,0.28953868801939797,False
16000,eval_fsd50k_map_seq,FSD50K_mAPmi,0.31010955719983413,False
16000,eval_listen,LISTEN_F1,0.12429055574403611,False
16000,eval_listen,LISTEN_acc,0.22112462006079028,False
16000,eval_listen_official,LISTENo_F1mean,0.12911594782995456,False
16000,eval_listen_official,LISTENo_WAmean,0.22402859924850835,False
16000,eval_source_emotion,MELD_F1,0.2354792933936328,False
16000,eval_source_emotion,MELD_acc,0.4888888888888889,False
16000,eval_source_emotion,RAVDESS_F1,0.5201396237716434,False
16000,eval_source_emotion,RAVDESS_acc,0.5416666666666666,False
16000,eval_librispeech,WER_clean,0.059818582986025985,True
16000,eval_librispeech_other,WER_other,0.21262433342158013,True
16000,eval_text_retention,text_mean,0.9049709876348437,False
17000,eval_librispeech,CER_clean,0.028174933926039907,True
17000,eval_librispeech_other,CER_other,0.11912444854902625,True
17000,eval_clotho,Clotho_BLEU1,0.4610321221695629,False
17000,eval_clotho,Clotho_BLEU4,0.07928532894407514,False
17000,eval_source_emotion,DailyTalk_F1,0.38187418277670987,False
17000,eval_source_emotion,DailyTalk_acc,0.8216666666666667,False
17000,eval_esc50,ESC50_acc,0.7825,False
17000,eval_source_emotion,EmoV_F1,0.6960365185164085,False
17000,eval_source_emotion,EmoV_acc,0.7564245810055866,False
17000,eval_fsd50k,FSD50K_F1ma,0.27437071368366833,False
17000,eval_fsd50k,FSD50K_F1mi,0.4030081113920725,False
17000,eval_fsd50k,FSD50K_Jacc,0.3378480845114117,False
17000,eval_fsd50k_map_seq,FSD50K_mAPma,0.2615415031184446,False
17000,eval_fsd50k_map_seq,FSD50K_mAPmi,0.32434316867114665,False
17000,eval_listen,LISTEN_F1,0.1274182087103689,False
17000,eval_listen,LISTEN_acc,0.22530395136778114,False
17000,eval_listen_official,LISTENo_F1mean,0.12958662909268537,False
17000,eval_listen_official,LISTENo_WAmean,0.23250312888316108,False
17000,eval_source_emotion,MELD_F1,0.25922704540494096,False
17000,eval_source_emotion,MELD_acc,0.48735632183908045,False
17000,eval_source_emotion,RAVDESS_F1,0.5115420912321352,False
17000,eval_source_emotion,RAVDESS_acc,0.5291666666666667,False
17000,eval_librispeech,WER_clean,0.0598374413034869,True
17000,eval_librispeech_other,WER_other,0.20604364434022918,True
17000,eval_text_retention,text_mean,0.9055203404156568,False
18000,eval_librispeech,CER_clean,0.0263904027127724,True
18000,eval_librispeech_other,CER_other,0.11676226989914748,True
18000,eval_clotho,Clotho_BLEU1,0.4606882918501213,False
18000,eval_clotho,Clotho_BLEU4,0.08370790264532157,False
18000,eval_source_emotion,DailyTalk_F1,0.3735854124686741,False
18000,eval_source_emotion,DailyTalk_acc,0.8341666666666666,False
18000,eval_esc50,ESC50_acc,0.8095,False
18000,eval_source_emotion,EmoV_F1,0.692671992544182,False
18000,eval_source_emotion,EmoV_acc,0.7625698324022346,False
18000,eval_fsd50k_map_seq,FSD50K_mAPma,0.27135714989142434,False
18000,eval_fsd50k_map_seq,FSD50K_mAPmi,0.31820523973726766,False
18000,eval_listen,LISTEN_F1,0.1275921224822266,False
18000,eval_listen,LISTEN_acc,0.23138297872340424,False
18000,eval_listen_official,LISTENo_F1mean,0.11133116562386877,False
18000,eval_listen_official,LISTENo_WAmean,0.21142553920178328,False
18000,eval_source_emotion,MELD_F1,0.23715453679517723,False
18000,eval_source_emotion,MELD_acc,0.48160919540229885,False
18000,eval_source_emotion,RAVDESS_F1,0.4870748001135181,False
18000,eval_source_emotion,RAVDESS_acc,0.5083333333333333,False
18000,eval_librispeech,WER_clean,0.0576121598430988,True
18000,eval_librispeech_other,WER_other,0.20417155175674143,True
18000,eval_text_retention,text_mean,0.903956840368727,False
19000,eval_librispeech,CER_clean,0.02662192871848575,True
19000,eval_librispeech_other,CER_other,0.11273699973876218,True
19000,eval_clotho,Clotho_BLEU1,0.4497498463969104,False
19000,eval_clotho,Clotho_BLEU4,0.07846737208001314,False
19000,eval_source_emotion,DailyTalk_F1,0.38399705191306793,False
19000,eval_source_emotion,DailyTalk_acc,0.8166666666666667,False
19000,eval_esc50,ESC50_acc,0.813,False
19000,eval_source_emotion,EmoV_F1,0.6834762378238782,False
19000,eval_source_emotion,EmoV_acc,0.7446927374301676,False
19000,eval_fsd50k,FSD50K_F1ma,0.2748099366947572,False
19000,eval_fsd50k,FSD50K_F1mi,0.40351676978183004,False
19000,eval_fsd50k,FSD50K_Jacc,0.33745715031889006,False
19000,eval_fsd50k_map_seq,FSD50K_mAPma,0.27397593545522864,False
19000,eval_fsd50k_map_seq,FSD50K_mAPmi,0.3118177744334433,False
19000,eval_listen,LISTEN_F1,0.12965163845847164,False
19000,eval_listen,LISTEN_acc,0.21846504559270516,False
19000,eval_listen_official,LISTENo_F1mean,0.1369055913613142,False
19000,eval_listen_official,LISTENo_WAmean,0.21253673986902993,False
19000,eval_source_emotion,MELD_F1,0.2316568555930886,False
19000,eval_source_emotion,MELD_acc,0.47011494252873565,False
19000,eval_source_emotion,RAVDESS_F1,0.525320387090596,False
19000,eval_source_emotion,RAVDESS_acc,0.5583333333333333,False
19000,eval_librispeech,WER_clean,0.05751786825579422,True
19000,eval_librispeech_other,WER_other,0.19910366476305738,True
19000,eval_text_retention,text_mean,0.9003451424672374,False
20000,eval_librispeech,CER_clean,0.026707415243672216,True
20000,eval_librispeech_other,CER_other,0.1172847455506783,True
20000,eval_clotho,Clotho_BLEU1,0.4538174538174538,False
20000,eval_clotho,Clotho_BLEU4,0.07995197452761274,False
20000,eval_source_emotion,DailyTalk_F1,0.37217915901992976,False
20000,eval_source_emotion,DailyTalk_acc,0.8166666666666667,False
20000,eval_esc50,ESC50_acc,0.802,False
20000,eval_source_emotion,EmoV_F1,0.7040336172809386,False
20000,eval_source_emotion,EmoV_acc,0.7642458100558659,False
20000,eval_fsd50k_map_seq,FSD50K_mAPma,0.24702208662369976,False
20000,eval_fsd50k_map_seq,FSD50K_mAPmi,0.3262574842365513,False
20000,eval_listen,LISTEN_F1,0.12480209558581093,False
20000,eval_listen,LISTEN_acc,0.21922492401215807,False
20000,eval_listen_official,LISTENo_F1mean,0.12746614349659496,False
20000,eval_listen_official,LISTENo_WAmean,0.22094250738217247,False
20000,eval_source_emotion,MELD_F1,0.24295293934456388,False
20000,eval_source_emotion,MELD_acc,0.4724137931034483,False
20000,eval_source_emotion,RAVDESS_F1,0.5216378843146322,False
20000,eval_source_emotion,RAVDESS_acc,0.5375,False
20000,eval_librispeech,WER_clean,0.05817790936692628,True
20000,eval_librispeech_other,WER_other,0.20551416360954577,True
20000,eval_text_retention,text_mean,0.9032642014155114,False
21000,eval_librispeech,CER_clean,0.029193648351178644,True
21000,eval_librispeech_other,CER_other,0.12235496701412524,True
21000,eval_clotho,Clotho_BLEU1,0.44520608137797696,False
21000,eval_clotho,Clotho_BLEU4,0.07648841766341678,False
21000,eval_source_emotion,DailyTalk_F1,0.44110257496017585,False
21000,eval_source_emotion,DailyTalk_acc,0.8108333333333333,False
21000,eval_esc50,ESC50_acc,0.8285,False
21000,eval_source_emotion,EmoV_F1,0.6975398232023369,False
21000,eval_source_emotion,EmoV_acc,0.7608938547486034,False
21000,eval_fsd50k,FSD50K_F1ma,0.26903766401293816,False
21000,eval_fsd50k,FSD50K_F1mi,0.3985119436104948,False
21000,eval_fsd50k,FSD50K_Jacc,0.33468867414879166,False
21000,eval_fsd50k_map_seq,FSD50K_mAPma,0.26074026052588906,False
21000,eval_fsd50k_map_seq,FSD50K_mAPmi,0.3080370461281604,False
21000,eval_listen,LISTEN_F1,0.1260012400382847,False
21000,eval_listen,LISTEN_acc,0.21466565349544073,False
21000,eval_listen_official,LISTENo_F1mean,0.11730597658799391,False
21000,eval_listen_official,LISTENo_WAmean,0.2144418411328744,False
21000,eval_source_emotion,MELD_F1,0.24353755759124146,False
21000,eval_source_emotion,MELD_acc,0.44980842911877394,False
21000,eval_source_emotion,RAVDESS_F1,0.5451737563114188,False
21000,eval_source_emotion,RAVDESS_acc,0.5666666666666667,False
21000,eval_librispeech,WER_clean,0.06145925660512569,True
21000,eval_librispeech_other,WER_other,0.21120608146439243,True
21000,eval_text_retention,text_mean,0.9008914565060504,False
22000,eval_librispeech,CER_clean,0.02898705591531135,True
22000,eval_librispeech_other,CER_other,0.1189809517151551,True
22000,eval_clotho,Clotho_BLEU1,0.45572491380874613,False
22000,eval_clotho,Clotho_BLEU4,0.0800987254595657,False
22000,eval_source_emotion,DailyTalk_F1,0.42505779200169275,False
22000,eval_source_emotion,DailyTalk_acc,0.8316666666666667,False
22000,eval_esc50,ESC50_acc,0.8315,False
22000,eval_source_emotion,EmoV_F1,0.6921528969428877,False
22000,eval_source_emotion,EmoV_acc,0.7536312849162011,False
22000,eval_fsd50k_map_seq,FSD50K_mAPma,0.26008823551601046,False
22000,eval_fsd50k_map_seq,FSD50K_mAPmi,0.3324054067690987,False
22000,eval_listen,LISTEN_F1,0.13260528445966574,False
22000,eval_listen,LISTEN_acc,0.2275835866261398,False
22000,eval_listen_official,LISTENo_F1mean,0.12419891280556317,False
22000,eval_listen_official,LISTENo_WAmean,0.224892383323189,False
22000,eval_source_emotion,MELD_F1,0.24307877687384877,False
22000,eval_source_emotion,MELD_acc,0.45440613026819926,False
22000,eval_source_emotion,RAVDESS_F1,0.5388974946188876,False
22000,eval_source_emotion,RAVDESS_acc,0.5625,False
22000,eval_librispeech,WER_clean,0.06145925660512569,True
22000,eval_librispeech_other,WER_other,0.20836957755001703,True
22000,eval_text_retention,text_mean,0.9007327095319456,False
23000,eval_librispeech,CER_clean,0.02733075448982354,True
23000,eval_librispeech_other,CER_other,0.11708973703285341,True
23000,eval_clotho,Clotho_BLEU1,0.45270931577542484,False
23000,eval_clotho,Clotho_BLEU4,0.07540368378336368,False
23000,eval_source_emotion,DailyTalk_F1,0.3849214823951894,False
23000,eval_source_emotion,DailyTalk_acc,0.82,False
23000,eval_esc50,ESC50_acc,0.818,False
23000,eval_source_emotion,EmoV_F1,0.7129017360466368,False
23000,eval_source_emotion,EmoV_acc,0.7720670391061453,False
23000,eval_fsd50k_map_seq,FSD50K_mAPma,0.2064323179251114,False
23000,eval_fsd50k_map_seq,FSD50K_mAPmi,0.3176638632306924,False
23000,eval_listen,LISTEN_F1,0.12344476975259358,False
23000,eval_listen,LISTEN_acc,0.22340425531914893,False
23000,eval_listen_official,LISTENo_F1mean,0.11098155168024615,False
23000,eval_listen_official,LISTENo_WAmean,0.20737393326463455,False
23000,eval_source_emotion,MELD_F1,0.23563030359953113,False
23000,eval_source_emotion,MELD_acc,0.4704980842911877,False
23000,eval_source_emotion,RAVDESS_F1,0.5141119174117682,False
23000,eval_source_emotion,RAVDESS_acc,0.5416666666666666,False
23000,eval_librispeech,WER_clean,0.05876251720821468,True
23000,eval_librispeech_other,WER_other,0.20619492454899588,True
23000,eval_text_retention,text_mean,0.9013880505463057,False
24000,eval_librispeech,CER_clean,0.027170467255098914,True
24000,eval_librispeech_other,CER_other,0.12331529197926287,True
24000,eval_clotho,Clotho_BLEU1,0.44374051931828323,False
24000,eval_clotho,Clotho_BLEU4,0.07010771194702184,False
24000,eval_source_emotion,DailyTalk_F1,0.3697931394057425,False
24000,eval_source_emotion,DailyTalk_acc,0.8108333333333333,False
24000,eval_esc50,ESC50_acc,0.8235,False
24000,eval_source_emotion,EmoV_F1,0.7045050627246738,False
24000,eval_source_emotion,EmoV_acc,0.7614525139664804,False
24000,eval_fsd50k_map_seq,FSD50K_mAPma,0.20976616727843367,False
24000,eval_fsd50k_map_seq,FSD50K_mAPmi,0.3030433658584919,False
24000,eval_listen,LISTEN_F1,0.12879595219400114,False
24000,eval_listen,LISTEN_acc,0.21504559270516718,False
24000,eval_listen_official,LISTENo_F1mean,0.10950223885932764,False
24000,eval_listen_official,LISTENo_WAmean,0.2201601704382942,False
24000,eval_source_emotion,MELD_F1,0.23109243504125895,False
24000,eval_source_emotion,MELD_acc,0.446360153256705,False
24000,eval_source_emotion,RAVDESS_F1,0.5698427220504202,False
24000,eval_source_emotion,RAVDESS_acc,0.5916666666666667,False
24000,eval_librispeech,WER_clean,0.05946027495426858,True
24000,eval_librispeech_other,WER_other,0.21406149540486366,True
24000,eval_text_retention,text_mean,0.900743370528455,False
25000,eval_librispeech,CER_clean,0.02749816560164704,True
25000,eval_librispeech_other,CER_other,0.11812365011792496,True
25000,eval_clotho,Clotho_BLEU1,0.43301092602543434,False
25000,eval_clotho,Clotho_BLEU4,0.06869746870434093,False
25000,eval_clotho,Clotho_CIDEr,0.11599189972731098,False
25000,eval_source_emotion,DailyTalk_F1,0.36380839052402125,False
25000,eval_source_emotion,DailyTalk_acc,0.835,False
25000,eval_esc50,ESC50_acc,0.82,False
25000,eval_source_emotion,EmoV_F1,0.6977503926279575,False
25000,eval_source_emotion,EmoV_acc,0.7553072625698324,False
25000,eval_fsd50k_map_seq,FSD50K_mAPma,0.23947492520423405,False
25000,eval_fsd50k_map_seq,FSD50K_mAPmi,0.30806687061438853,False
25000,eval_listen,LISTEN_F1,0.13599510634290884,False
25000,eval_listen,LISTEN_acc,0.22872340425531915,False
25000,eval_listen_official,LISTENo_F1mean,0.10533703367541596,False
25000,eval_listen_official,LISTENo_WAmean,0.20711918951792177,False
25000,eval_source_emotion,MELD_F1,0.22902669918120155,False
25000,eval_source_emotion,MELD_acc,0.4379310344827586,False
25000,eval_source_emotion,RAVDESS_F1,0.5299935270944356,False
25000,eval_source_emotion,RAVDESS_acc,0.5416666666666666,False
25000,eval_librispeech,WER_clean,0.06004488279555698,True
25000,eval_librispeech_other,WER_other,0.20886123822850874,True
25000,eval_text_retention,text_mean,0.8979809265945677,False
